event_id,source,event_type,utc_time,ra_deg,dec_deg,pos_error_deg,strength_signal
GRB 670702,HEASARC:GRBCAT,GRB,1970-01-01 00:00:00.000039673+00:00,,,1.077296132,
GRB 670702,HEASARC:GRBCAT,GRB,1970-01-01 00:00:00.000039673+00:00,,,1.170431639,
GRB 690703,HEASARC:GRBCAT,GRB,1970-01-01 00:00:00.000040405+00:00,191.621,19.727,0.5206017,1.09E-07
GRB 690703,HEASARC:GRBCAT,GRB,1970-01-01 00:00:00.000040405+00:00,191.62,19.73,0.992025343,1.09E-07
GRB 690719,HEASARC:GRBCAT,GRB,1970-01-01 00:00:00.000040421+00:00,,,0.791992927,
GRB 691007,HEASARC:GRBCAT,GRB,1970-01-01 00:00:00.000040501+00:00,236.491,32.845,0.807271057,1.09E-06
GRB 691007,HEASARC:GRBCAT,GRB,1970-01-01 00:00:00.000040501+00:00,236.49,32.84,1.031117124,1.09E-06
GRB 691008,HEASARC:GRBCAT,GRB,1970-01-01 00:00:00.000040502+00:00,,,0.854205682,
GRB 691017A,HEASARC:GRBCAT,GRB,1970-01-01 00:00:00.000040511+00:00,27.58,-26.75,1.800644008,1.09E-07
GRB 691017A,HEASARC:GRBCAT,GRB,1970-01-01 00:00:00.000040511+00:00,102.502,-27.059,0.509758634,1.09E-07
GRB 691017B,HEASARC:GRBCAT,GRB,1970-01-01 00:00:00.000040511+00:00,156.64,0.74,1.439021605,2.18E-07
GRB 691017B,HEASARC:GRBCAT,GRB,1970-01-01 00:00:00.000040511+00:00,156.642,0.745,1.945908929,2.18E-07
GRB 700125,HEASARC:GRBCAT,GRB,1970-01-01 00:00:00.000040611+00:00,,,1.018226746,
GRB 700710,HEASARC:GRBCAT,GRB,1970-01-01 00:00:00.000040777+00:00,,,0.864599185,
GRB 700710,HEASARC:GRBCAT,GRB,1970-01-01 00:00:00.000040777+00:00,,,1.375586598,
GRB 700822,HEASARC:GRBCAT,GRB,1970-01-01 00:00:00.000040820+00:00,144.93,60.77,1.579625103,5.45E-07
GRB 700822,HEASARC:GRBCAT,GRB,1970-01-01 00:00:00.000040820+00:00,142.96,61.78,0.561742148,5.45E-07
GRB 701001,HEASARC:GRBCAT,GRB,1970-01-01 00:00:00.000040860+00:00,,,1.429320986,
GRB 701201,HEASARC:GRBCAT,GRB,1970-01-01 00:00:00.000040921+00:00,91.486,-29.006,0.761523436,2.18E-07
GRB 701201,HEASARC:GRBCAT,GRB,1970-01-01 00:00:00.000040921+00:00,91.49,-29.01,0.795410238,2.18E-07
GRB 701230,HEASARC:GRBCAT,GRB,1970-01-01 00:00:00.000040950+00:00,97.088,-28.933,1.670248634,1.64E-06
GRB 701230,HEASARC:GRBCAT,GRB,1970-01-01 00:00:00.000040950+00:00,120.68,9.86,1.435155761,1.64E-06
GRB 710102,HEASARC:GRBCAT,GRB,1970-01-01 00:00:00.000040953+00:00,176.66,39.72,1.74206495,5.45E-07
GRB 710102,HEASARC:GRBCAT,GRB,1970-01-01 00:00:00.000040953+00:00,216.36,59.77,0.971135762,5.45E-07
GRB 710227,HEASARC:GRBCAT,GRB,1970-01-01 00:00:00.000041009+00:00,,,1.213269815,
GRB 710227,HEASARC:GRBCAT,GRB,1970-01-01 00:00:00.000041009+00:00,,,1.532284089,
GRB 710315,HEASARC:GRBCAT,GRB,1970-01-01 00:00:00.000041025+00:00,4.63,-20.72,1.438388917,2.73E-07
GRB 710315,HEASARC:GRBCAT,GRB,1970-01-01 00:00:00.000041025+00:00,4.63,-20.72,0.581471119,2.73E-07
GRB 710318,HEASARC:GRBCAT,GRB,1970-01-01 00:00:00.000041028+00:00,69.7,12.1,1.636399608,5.45E-07
GRB 710318,HEASARC:GRBCAT,GRB,1970-01-01 00:00:00.000041028+00:00,69.7,12.1,1.093341726,5.45E-07
GRB 710421,HEASARC:GRBCAT,GRB,1970-01-01 00:00:00.000041062+00:00,247.47,33.89,1.981065997,1.63E-08
GRB 710421,HEASARC:GRBCAT,GRB,1970-01-01 00:00:00.000041062+00:00,247.468,33.892,1.627584821,1.63E-08
GRB 710630,HEASARC:GRBCAT,GRB,1970-01-01 00:00:00.000041132+00:00,27.57,-29.75,0.532156987,2.73E-06
GRB 710630,HEASARC:GRBCAT,GRB,1970-01-01 00:00:00.000041132+00:00,207.567,29.753,0.829170016,2.73E-06
GRB 720117,HEASARC:GRBCAT,GRB,1970-01-01 00:00:00.000041333+00:00,104.68,8.93,0.596448983,3.82E-07
GRB 720117,HEASARC:GRBCAT,GRB,1970-01-01 00:00:00.000041333+00:00,332.49,50.25,1.765279609,3.82E-07
GRB 720312,HEASARC:GRBCAT,GRB,1970-01-01 00:00:00.000041388+00:00,,,0.847393581,2.73E-07
GRB 720312,HEASARC:GRBCAT,GRB,1970-01-01 00:00:00.000041388+00:00,277.64,1.03,1.36593639,2.73E-07
GRB 720328,HEASARC:GRBCAT,GRB,1970-01-01 00:00:00.000041404+00:00,283.531,22.064,1.109024901,5.45E-07
GRB 720328,HEASARC:GRBCAT,GRB,1970-01-01 00:00:00.000041404+00:00,283.53,22.06,1.182034963,5.45E-07
GRB 720427,HEASARC:GRBCAT,GRB,1970-01-01 00:00:00.000041434+00:00,,,1.901259085,
GRB 720427,HEASARC:GRBCAT,GRB,1970-01-01 00:00:00.000041434+00:00,,,0.631029628,
GRB 720514,HEASARC:GRBCAT,GRB,1970-01-01 00:00:00.000041451+00:00,177,78,1.687568873,1.09E-06
GRB 720514,HEASARC:GRBCAT,GRB,1970-01-01 00:00:00.000041451+00:00,176.72,77.72,1.587541648,1.09E-06
GRB 721101,HEASARC:GRBCAT,GRB,1970-01-01 00:00:00.000041622+00:00,11.66,19.27,1.493461731,3.81E-08
GRB 721101,HEASARC:GRBCAT,GRB,1970-01-01 00:00:00.000041622+00:00,11.66,19.27,0.921558926,3.81E-08
GRB 721113,HEASARC:GRBCAT,GRB,1970-01-01 00:00:00.000041634+00:00,,,1.966809043,
GRB 721218,HEASARC:GRBCAT,GRB,1970-01-01 00:00:00.000041669+00:00,120.578,-32.739,0.793765643,
GRB 721218,HEASARC:GRBCAT,GRB,1970-01-01 00:00:00.000041669+00:00,70.64,0.09,1.634840489,
GRB 730125,HEASARC:GRBCAT,GRB,1970-01-01 00:00:00.000041707+00:00,,,1.494525208,
GRB 730302,HEASARC:GRBCAT,GRB,1970-01-01 00:00:00.000041743+00:00,60.04,59.14,0.731087412,
GRB 730416,HEASARC:GRBCAT,GRB,1970-01-01 00:00:00.000041788+00:00,,,1.644172972,
GRB 730507,HEASARC:GRBCAT,GRB,1970-01-01 00:00:00.000041809+00:00,342.51,56.27,1.323447315,3.27E-07
GRB 730507,HEASARC:GRBCAT,GRB,1970-01-01 00:00:00.000041809+00:00,342.51,56.27,1.248293042,3.27E-07
GRB 730606A,HEASARC:GRBCAT,GRB,1970-01-01 00:00:00.000041839+00:00,,,1.109788814,
GRB 730606B,HEASARC:GRBCAT,GRB,1970-01-01 00:00:00.000041839+00:00,,,1.049959314,
GRB 730606C,HEASARC:GRBCAT,GRB,1970-01-01 00:00:00.000041839+00:00,,,1.730874399,
GRB 730610,HEASARC:GRBCAT,GRB,1970-01-01 00:00:00.000041843+00:00,25.55,-35.75,1.820211156,5.45E-07
GRB 730610,HEASARC:GRBCAT,GRB,1970-01-01 00:00:00.000041843+00:00,68.7,13.1,0.745095532,5.45E-07
GRB 730721,HEASARC:GRBCAT,GRB,1970-01-01 00:00:00.000041884+00:00,47.8,37.19,1.244863903,
GRB 730725,HEASARC:GRBCAT,GRB,1970-01-01 00:00:00.000041888+00:00,75.8,30.07,1.195297275,
GRB 730918,HEASARC:GRBCAT,GRB,1970-01-01 00:00:00.000041943+00:00,,,1.758459144,
GRB 730926,HEASARC:GRBCAT,GRB,1970-01-01 00:00:00.000041951+00:00,,,0.882750456,
GRB 731217,HEASARC:GRBCAT,GRB,1970-01-01 00:00:00.000042033+00:00,,,1.358724608,
GRB 731223,HEASARC:GRBCAT,GRB,1970-01-01 00:00:00.000042039+00:00,,,1.042547864,
GRB 740121,HEASARC:GRBCAT,GRB,1970-01-01 00:00:00.000042068+00:00,,,0.657158907,
GRB 740402,HEASARC:GRBCAT,GRB,1970-01-01 00:00:00.000042139+00:00,,,1.683957695,
GRB 740723,HEASARC:GRBCAT,GRB,1970-01-01 00:00:00.000042251+00:00,,,0.803422031,
GRB 740724,HEASARC:GRBCAT,GRB,1970-01-01 00:00:00.000042252+00:00,,,1.917605699,
GRB 740823,HEASARC:GRBCAT,GRB,1970-01-01 00:00:00.000042282+00:00,,,0.651242754,
GRB 740929,HEASARC:GRBCAT,GRB,1970-01-01 00:00:00.000042319+00:00,,,0.869275606,
GRB 741214,HEASARC:GRBCAT,GRB,1970-01-01 00:00:00.000042395+00:00,,,1.422833983,
GRB 751102,HEASARC:GRBCAT,GRB,1970-01-01 00:00:00.000042718+00:00,,,1.272044799,
GRB 751202,HEASARC:GRBCAT,GRB,1970-01-01 00:00:00.000042748+00:00,,,0.765055491,
GRB 760128,HEASARC:GRBCAT,GRB,1970-01-01 00:00:00.000042805+00:00,108,12,1.166568006,
GRB 760322,HEASARC:GRBCAT,GRB,1970-01-01 00:00:00.000042859+00:00,184.993,-2.244,1.085488955,
GRB 760407,HEASARC:GRBCAT,GRB,1970-01-01 00:00:00.000042875+00:00,2.202,0.993,1.327474848,
GRB 760419,HEASARC:GRBCAT,GRB,1970-01-01 00:00:00.000042887+00:00,13.424,5.758,1.530632841,
GRB 760612,HEASARC:GRBCAT,GRB,1970-01-01 00:00:00.000042941+00:00,,,0.594946023,
GRB 760816,HEASARC:GRBCAT,GRB,1970-01-01 00:00:00.000043006+00:00,,,0.557233436,
GRB 760903,HEASARC:GRBCAT,GRB,1970-01-01 00:00:00.000043024+00:00,,,0.977994324,
GRB 761123,HEASARC:GRBCAT,GRB,1970-01-01 00:00:00.000043105+00:00,,,1.049366132,
GRB 761204,HEASARC:GRBCAT,GRB,1970-01-01 00:00:00.000043116+00:00,,,1.216016038,
GRB 761209,HEASARC:GRBCAT,GRB,1970-01-01 00:00:00.000043121+00:00,268.47,-71.51,0.870153858,
GRB 761220,HEASARC:GRBCAT,GRB,1970-01-01 00:00:00.000043132+00:00,342.71,-39.73,1.616173057,
GRB 770107,HEASARC:GRBCAT,GRB,1970-01-01 00:00:00.000043150+00:00,,,0.556897109,
GRB 770131,HEASARC:GRBCAT,GRB,1970-01-01 00:00:00.000043174+00:00,,,0.594134067,
GRB 770310,HEASARC:GRBCAT,GRB,1970-01-01 00:00:00.000043212+00:00,29.83,12.174,1.01748367,
GRB 770410,HEASARC:GRBCAT,GRB,1970-01-01 00:00:00.000043243+00:00,,,1.102521093,
GRB 770501,HEASARC:GRBCAT,GRB,1970-01-01 00:00:00.000043264+00:00,,,0.992593888,
GRB 770708,HEASARC:GRBCAT,GRB,1970-01-01 00:00:00.000043332+00:00,106.01,22.601,1.28654893,
GRB 771020,HEASARC:GRBCAT,GRB,1970-01-01 00:00:00.000043436+00:00,214.68,-14.23,1.804780871,
GRB 771029,HEASARC:GRBCAT,GRB,1970-01-01 00:00:00.000043445+00:00,51.716,19.174,1.864132226,
GRB 771110,HEASARC:GRBCAT,GRB,1970-01-01 00:00:00.000043457+00:00,244.737,-21.12,1.661261257,
GRB 780508,HEASARC:GRBCAT,GRB,1970-01-01 00:00:00.000043636+00:00,32.675,13.235,1.455513593,
GRB 780519,HEASARC:GRBCAT,GRB,1970-01-01 00:00:00.000043647+00:00,47.707,18.189,1.373175412,
GRB 780521,HEASARC:GRBCAT,GRB,1970-01-01 00:00:00.000043649+00:00,,,1.886538139,
GRB 780914B,HEASARC:GRBCAT,GRB,1970-01-01 00:00:00.000043765+00:00,,,0.900897763,9.26E-08
GRB 780914A,HEASARC:GRBCAT,GRB,1970-01-01 00:00:00.000043765+00:00,,,0.967508036,
GRB 780914B,HEASARC:GRBCAT,GRB,1970-01-01 00:00:00.000043765+00:00,,,0.589238394,9.26E-08
GRB 780914B,HEASARC:GRBCAT,GRB,1970-01-01 00:00:00.000043765+00:00,98.53,54.96,1.156447617,9.26E-08
GRB 780914B,HEASARC:GRBCAT,GRB,1970-01-01 00:00:00.000043765+00:00,62.971,27.828,1.463709846,9.26E-08
GRB 780916,HEASARC:GRBCAT,GRB,1970-01-01 00:00:00.000043767+00:00,,,1.948475796,2.50E-08
GRB 780918,HEASARC:GRBCAT,GRB,1970-01-01 00:00:00.000043769+00:00,,,0.509831686,1.53E-07
GRB 780918,HEASARC:GRBCAT,GRB,1970-01-01 00:00:00.000043769+00:00,,,1.174155028,1.53E-07
GRB 780918,HEASARC:GRBCAT,GRB,1970-01-01 00:00:00.000043769+00:00,241.43,40.37,0.908394062,1.53E-07
GRB 780918,HEASARC:GRBCAT,GRB,1970-01-01 00:00:00.000043769+00:00,,,0.501648721,1.53E-07
GRB 780918,HEASARC:GRBCAT,GRB,1970-01-01 00:00:00.000043769+00:00,229.47,38.32,1.326102097,1.53E-07
GRB 780921A,HEASARC:GRBCAT,GRB,1970-01-01 00:00:00.000043772+00:00,133.38,34.21,1.315662372,1.85E-07
GRB 780921A,HEASARC:GRBCAT,GRB,1970-01-01 00:00:00.000043772+00:00,,,1.081205407,1.85E-07
GRB 780921A,HEASARC:GRBCAT,GRB,1970-01-01 00:00:00.000043772+00:00,,,0.537904571,1.85E-07
GRB 780921A,HEASARC:GRBCAT,GRB,1970-01-01 00:00:00.000043772+00:00,,,0.566809724,1.85E-07
GRB 780921A,HEASARC:GRBCAT,GRB,1970-01-01 00:00:00.000043772+00:00,133.78,33.81,0.505938745,1.85E-07
GRB 780921B,HEASARC:GRBCAT,GRB,1970-01-01 00:00:00.000043772+00:00,,,1.242612351,5.40E-09
GRB 780922,HEASARC:GRBCAT,GRB,1970-01-01 00:00:00.000043773+00:00,,,1.051470932,1.14E-08
GRB 780930,HEASARC:GRBCAT,GRB,1970-01-01 00:00:00.000043781+00:00,,,0.79970239,9.81E-08
GRB 781004,HEASARC:GRBCAT,GRB,1970-01-01 00:00:00.000043785+00:00,,,1.536377841,3.22E-09
GRB 781005,HEASARC:GRBCAT,GRB,1970-01-01 00:00:00.000043786+00:00,,,1.017253347,3.43E-08
GRB 781005,HEASARC:GRBCAT,GRB,1970-01-01 00:00:00.000043786+00:00,,,1.081217351,3.43E-08
GRB 781006A,HEASARC:GRBCAT,GRB,1970-01-01 00:00:00.000043787+00:00,,,1.124299154,1.42E-07
GRB 781006A,HEASARC:GRBCAT,GRB,1970-01-01 00:00:00.000043787+00:00,,,1.779942125,1.42E-07
GRB 781006A,HEASARC:GRBCAT,GRB,1970-01-01 00:00:00.000043787+00:00,,,1.123581385,1.42E-07
GRB 781006B,HEASARC:GRBCAT,GRB,1970-01-01 00:00:00.000043787+00:00,,,0.630558088,9.26E-08
GRB 781006B,HEASARC:GRBCAT,GRB,1970-01-01 00:00:00.000043787+00:00,,,1.421719108,9.26E-08
GRB 781006B,HEASARC:GRBCAT,GRB,1970-01-01 00:00:00.000043787+00:00,2.74,13.68,1.004571035,9.26E-08
GRB 781006A,HEASARC:GRBCAT,GRB,1970-01-01 00:00:00.000043787+00:00,,,0.661820222,1.42E-07
GRB 781006B,HEASARC:GRBCAT,GRB,1970-01-01 00:00:00.000043787+00:00,35.226,-4.972,1.577855219,9.26E-08
GRB 781011,HEASARC:GRBCAT,GRB,1970-01-01 00:00:00.000043792+00:00,,,1.069347526,7.03E-09
GRB 781012B,HEASARC:GRBCAT,GRB,1970-01-01 00:00:00.000043793+00:00,270.73,-17,1.807228437,
GRB 781012C,HEASARC:GRBCAT,GRB,1970-01-01 00:00:00.000043793+00:00,,,1.155444657,2.18E-08
GRB 781012C,HEASARC:GRBCAT,GRB,1970-01-01 00:00:00.000043793+00:00,,,1.99741703,2.18E-08
GRB 781012C,HEASARC:GRBCAT,GRB,1970-01-01 00:00:00.000043793+00:00,,,1.820189714,2.18E-08
GRB 781012A,HEASARC:GRBCAT,GRB,1970-01-01 00:00:00.000043793+00:00,,,0.547951687,5.07E-08
GRB 781012C,HEASARC:GRBCAT,GRB,1970-01-01 00:00:00.000043793+00:00,,,0.877129028,2.18E-08
GRB 781013,HEASARC:GRBCAT,GRB,1970-01-01 00:00:00.000043794+00:00,,,1.884631191,5.94E-09
GRB 781013,HEASARC:GRBCAT,GRB,1970-01-01 00:00:00.000043794+00:00,,,1.301957294,5.94E-09
GRB 781013,HEASARC:GRBCAT,GRB,1970-01-01 00:00:00.000043794+00:00,,,0.504210951,5.94E-09
GRB 781013,HEASARC:GRBCAT,GRB,1970-01-01 00:00:00.000043794+00:00,63.731,-51.076,0.901854261,5.94E-09
GRB 781019,HEASARC:GRBCAT,GRB,1970-01-01 00:00:00.000043800+00:00,,,1.868818776,7.08E-08
GRB 781019,HEASARC:GRBCAT,GRB,1970-01-01 00:00:00.000043800+00:00,,,0.848327838,7.08E-08
GRB 781019,HEASARC:GRBCAT,GRB,1970-01-01 00:00:00.000043800+00:00,238.46,36.85,1.19885523,7.08E-08
GRB 781019,HEASARC:GRBCAT,GRB,1970-01-01 00:00:00.000043800+00:00,181.44,-8.08,0.894785233,7.08E-08
GRB 781022,HEASARC:GRBCAT,GRB,1970-01-01 00:00:00.000043803+00:00,,,1.511634331,1.09E-08
GRB 781023,HEASARC:GRBCAT,GRB,1970-01-01 00:00:00.000043804+00:00,,,1.927143879,3.65E-08
GRB 781023,HEASARC:GRBCAT,GRB,1970-01-01 00:00:00.000043804+00:00,211.63,3.76,1.908943666,3.65E-08
GRB 781023,HEASARC:GRBCAT,GRB,1970-01-01 00:00:00.000043804+00:00,,,1.914156598,3.65E-08
GRB 781023,HEASARC:GRBCAT,GRB,1970-01-01 00:00:00.000043804+00:00,,,0.845779105,3.65E-08
GRB 781025,HEASARC:GRBCAT,GRB,1970-01-01 00:00:00.000043806+00:00,,,1.801576673,2.18E-08
GRB 781025,HEASARC:GRBCAT,GRB,1970-01-01 00:00:00.000043806+00:00,43.09,-15.3,1.745802054,2.18E-08
GRB 781025,HEASARC:GRBCAT,GRB,1970-01-01 00:00:00.000043806+00:00,,,0.772705449,2.18E-08
GRB 781025,HEASARC:GRBCAT,GRB,1970-01-01 00:00:00.000043806+00:00,,,1.542216277,2.18E-08
GRB 781026,HEASARC:GRBCAT,GRB,1970-01-01 00:00:00.000043807+00:00,,,1.698521177,9.27E-07
GRB 781026,HEASARC:GRBCAT,GRB,1970-01-01 00:00:00.000043807+00:00,,,0.728733675,9.27E-07
GRB 781026,HEASARC:GRBCAT,GRB,1970-01-01 00:00:00.000043807+00:00,,,1.093704272,9.27E-07
GRB 781026,HEASARC:GRBCAT,GRB,1970-01-01 00:00:00.000043807+00:00,261.62,3.46,1.349723005,9.27E-07
GRB 781102,HEASARC:GRBCAT,GRB,1970-01-01 00:00:00.000043814+00:00,,,0.657038255,1.41E-08
GRB 781102,HEASARC:GRBCAT,GRB,1970-01-01 00:00:00.000043814+00:00,232.68,-9.17,1.073505196,1.41E-08
GRB 781104B,HEASARC:GRBCAT,GRB,1970-01-01 00:00:00.000043816+00:00,302.23,-21.45,1.188364525,1.42E-06
GRB 781104A,HEASARC:GRBCAT,GRB,1970-01-01 00:00:00.000043816+00:00,,,1.336286611,2.99E-08
GRB 781104B,HEASARC:GRBCAT,GRB,1970-01-01 00:00:00.000043816+00:00,,,1.095477364,1.42E-06
GRB 781104B,HEASARC:GRBCAT,GRB,1970-01-01 00:00:00.000043816+00:00,,,1.393287132,1.42E-06
GRB 781104B,HEASARC:GRBCAT,GRB,1970-01-01 00:00:00.000043816+00:00,,,0.557042494,1.42E-06
GRB 781104B,HEASARC:GRBCAT,GRB,1970-01-01 00:00:00.000043816+00:00,,,1.43340478,1.42E-06
GRB 781104B,HEASARC:GRBCAT,GRB,1970-01-01 00:00:00.000043816+00:00,302.23,-21.45,1.627137122,1.42E-06
GRB 781104B,HEASARC:GRBCAT,GRB,1970-01-01 00:00:00.000043816+00:00,,,1.768818673,1.42E-06
GRB 781107,HEASARC:GRBCAT,GRB,1970-01-01 00:00:00.000043819+00:00,,,1.916035382,8.12E-09
GRB 781109,HEASARC:GRBCAT,GRB,1970-01-01 00:00:00.000043821+00:00,30.328,-4.859,0.72889725,1.09E-08
GRB 781109,HEASARC:GRBCAT,GRB,1970-01-01 00:00:00.000043821+00:00,,,1.312142886,1.09E-08
GRB 781111,HEASARC:GRBCAT,GRB,1970-01-01 00:00:00.000043823+00:00,,,0.685712431,1.63E-08
GRB 781113,HEASARC:GRBCAT,GRB,1970-01-01 00:00:00.000043825+00:00,,,1.604240656,2.45E-08
GRB 781115A,HEASARC:GRBCAT,GRB,1970-01-01 00:00:00.000043827+00:00,,,1.951233916,1.20E-07
GRB 781115A,HEASARC:GRBCAT,GRB,1970-01-01 00:00:00.000043827+00:00,,,0.723498739,1.20E-07
GRB 781115A,HEASARC:GRBCAT,GRB,1970-01-01 00:00:00.000043827+00:00,,,1.625642917,1.20E-07
GRB 781115B,HEASARC:GRBCAT,GRB,1970-01-01 00:00:00.000043827+00:00,,,1.283019084,1.58E-08
GRB 781115A,HEASARC:GRBCAT,GRB,1970-01-01 00:00:00.000043827+00:00,210.46,51.76,0.953977825,1.20E-07
GRB 781115A,HEASARC:GRBCAT,GRB,1970-01-01 00:00:00.000043827+00:00,211.26,51.96,1.260444191,1.20E-07
GRB 781115A,HEASARC:GRBCAT,GRB,1970-01-01 00:00:00.000043827+00:00,,,1.592843945,1.20E-07
GRB 781117,HEASARC:GRBCAT,GRB,1970-01-01 00:00:00.000043829+00:00,,,1.413997824,6.54E-08
GRB 781119,HEASARC:GRBCAT,GRB,1970-01-01 00:00:00.000043831+00:00,,,1.429783164,1.74E-06
GRB 781119,HEASARC:GRBCAT,GRB,1970-01-01 00:00:00.000043831+00:00,,,1.544850148,1.74E-06
GRB 781119,HEASARC:GRBCAT,GRB,1970-01-01 00:00:00.000043831+00:00,,,1.332096529,1.74E-06
GRB 781119,HEASARC:GRBCAT,GRB,1970-01-01 00:00:00.000043831+00:00,,,0.759289828,1.74E-06
GRB 781119,HEASARC:GRBCAT,GRB,1970-01-01 00:00:00.000043831+00:00,,,0.968452456,1.74E-06
GRB 781119,HEASARC:GRBCAT,GRB,1970-01-01 00:00:00.000043831+00:00,19.72,-28.64,0.898712495,1.74E-06
GRB 781119,HEASARC:GRBCAT,GRB,1970-01-01 00:00:00.000043831+00:00,19.72,-28.64,1.561153635,1.74E-06
GRB 781121A,HEASARC:GRBCAT,GRB,1970-01-01 00:00:00.000043833+00:00,,,0.913889017,9.60E-07
GRB 781121A,HEASARC:GRBCAT,GRB,1970-01-01 00:00:00.000043833+00:00,256.44,0.53,1.499278182,9.60E-07
GRB 781121A,HEASARC:GRBCAT,GRB,1970-01-01 00:00:00.000043833+00:00,256.34,0.83,1.481789011,9.60E-07
GRB 781121A,HEASARC:GRBCAT,GRB,1970-01-01 00:00:00.000043833+00:00,,,1.812381132,9.60E-07
GRB 781121A,HEASARC:GRBCAT,GRB,1970-01-01 00:00:00.000043833+00:00,,,1.070176557,9.60E-07
GRB 781121A,HEASARC:GRBCAT,GRB,1970-01-01 00:00:00.000043833+00:00,,,1.794553057,9.60E-07
GRB 781121B,HEASARC:GRBCAT,GRB,1970-01-01 00:00:00.000043833+00:00,,,1.016081132,3.81E-08
GRB 781123,HEASARC:GRBCAT,GRB,1970-01-01 00:00:00.000043835+00:00,,,0.525543793,1.63E-08
GRB 781124,HEASARC:GRBCAT,GRB,1970-01-01 00:00:00.000043836+00:00,180.64,21.72,1.138333806,1.91E-07
GRB 781124,HEASARC:GRBCAT,GRB,1970-01-01 00:00:00.000043836+00:00,,,1.88875746,1.91E-07
GRB 781124,HEASARC:GRBCAT,GRB,1970-01-01 00:00:00.000043836+00:00,,,1.442326581,1.91E-07
GRB 781124,HEASARC:GRBCAT,GRB,1970-01-01 00:00:00.000043836+00:00,,,0.711301672,1.91E-07
GRB 781124,HEASARC:GRBCAT,GRB,1970-01-01 00:00:00.000043836+00:00,,,0.783212261,1.91E-07
GRB 781124,HEASARC:GRBCAT,GRB,1970-01-01 00:00:00.000043836+00:00,181.94,23.65,1.308192223,1.91E-07
GRB 781207,HEASARC:GRBCAT,GRB,1970-01-01 00:00:00.000043849+00:00,,,0.698977806,8.12E-09
GRB 781217,HEASARC:GRBCAT,GRB,1970-01-01 00:00:00.000043859+00:00,,,1.76755151,
GRB 781217,HEASARC:GRBCAT,GRB,1970-01-01 00:00:00.000043859+00:00,,,1.749193202,
GRB 781217,HEASARC:GRBCAT,GRB,1970-01-01 00:00:00.000043859+00:00,210.75,-39.24,0.946821138,
GRB 781229,HEASARC:GRBCAT,GRB,1970-01-01 00:00:00.000043871+00:00,,,1.257004286,1.09E-08
GRB 790101,HEASARC:GRBCAT,GRB,1970-01-01 00:00:00.000043874+00:00,,,1.685324325,2.83E-07
GRB 790101,HEASARC:GRBCAT,GRB,1970-01-01 00:00:00.000043874+00:00,,,1.30394899,2.83E-07
GRB 790101,HEASARC:GRBCAT,GRB,1970-01-01 00:00:00.000043874+00:00,183.64,14.72,1.29720069,2.83E-07
GRB 790101,HEASARC:GRBCAT,GRB,1970-01-01 00:00:00.000043874+00:00,231.102,-16.076,1.757415415,2.83E-07
GRB 790102B,HEASARC:GRBCAT,GRB,1970-01-01 00:00:00.000043875+00:00,,,1.848545014,9.21E-09
GRB 790102A,HEASARC:GRBCAT,GRB,1970-01-01 00:00:00.000043875+00:00,,,0.526554332,3.54E-08
GRB 790103,HEASARC:GRBCAT,GRB,1970-01-01 00:00:00.000043876+00:00,,,1.221632119,1.20E-09
GRB 790105,HEASARC:GRBCAT,GRB,1970-01-01 00:00:00.000043878+00:00,134.739,26.205,1.922842196,
GRB 790105,HEASARC:GRBCAT,GRB,1970-01-01 00:00:00.000043878+00:00,209.71,-25.24,0.550601147,
GRB 790107A,HEASARC:GRBCAT,GRB,1970-01-01 00:00:00.000043880+00:00,,,1.813700356,7.58E-09
GRB 790107B,HEASARC:GRBCAT,GRB,1970-01-01 00:00:00.000043880+00:00,271.76,-23.99,0.837911175,
GRB 790107B,HEASARC:GRBCAT,GRB,1970-01-01 00:00:00.000043880+00:00,,,1.158277554,
GRB 790107B,HEASARC:GRBCAT,GRB,1970-01-01 00:00:00.000043880+00:00,,,0.652499103,
GRB 790113,HEASARC:GRBCAT,GRB,1970-01-01 00:00:00.000043886+00:00,,,0.677353134,6.00E-07
GRB 790113,HEASARC:GRBCAT,GRB,1970-01-01 00:00:00.000043886+00:00,,,1.973733761,6.00E-07
GRB 790113,HEASARC:GRBCAT,GRB,1970-01-01 00:00:00.000043886+00:00,,,0.8110415,6.00E-07
GRB 790113,HEASARC:GRBCAT,GRB,1970-01-01 00:00:00.000043886+00:00,249.22,-76.6,1.941669798,6.00E-07
GRB 790113,HEASARC:GRBCAT,GRB,1970-01-01 00:00:00.000043886+00:00,249.22,-76.6,0.658424759,6.00E-07
GRB 790113,HEASARC:GRBCAT,GRB,1970-01-01 00:00:00.000043886+00:00,,,0.639027913,6.00E-07
GRB 790116,HEASARC:GRBCAT,GRB,1970-01-01 00:00:00.000043889+00:00,158.62,-13.26,1.853742034,1.25E-07
GRB 790116,HEASARC:GRBCAT,GRB,1970-01-01 00:00:00.000043889+00:00,,,1.381658081,1.25E-07
GRB 790119A,HEASARC:GRBCAT,GRB,1970-01-01 00:00:00.000043892+00:00,,,1.864803864,1.09E-07
GRB 790119B,HEASARC:GRBCAT,GRB,1970-01-01 00:00:00.000043892+00:00,250.74,-21.09,1.604244828,
GRB 790131,HEASARC:GRBCAT,GRB,1970-01-01 00:00:00.000043904+00:00,,,1.157745737,2.50E-08
GRB 790208,HEASARC:GRBCAT,GRB,1970-01-01 00:00:00.000043912+00:00,,,1.82624693,1.25E-08
GRB 790208,HEASARC:GRBCAT,GRB,1970-01-01 00:00:00.000043912+00:00,325.01,39.73,1.87204675,1.25E-08
GRB 790211,HEASARC:GRBCAT,GRB,1970-01-01 00:00:00.000043915+00:00,,,0.752212767,2.13E-09
GRB 790211,HEASARC:GRBCAT,GRB,1970-01-01 00:00:00.000043915+00:00,,,1.263037943,2.13E-09
GRB 790211,HEASARC:GRBCAT,GRB,1970-01-01 00:00:00.000043915+00:00,143.36,7.18,1.005411835,2.13E-09
GRB 790213,HEASARC:GRBCAT,GRB,1970-01-01 00:00:00.000043917+00:00,310.7,10.38,1.078404188,2.39E-08
GRB 790213,HEASARC:GRBCAT,GRB,1970-01-01 00:00:00.000043917+00:00,,,0.63473099,2.39E-08
GRB 790214,HEASARC:GRBCAT,GRB,1970-01-01 00:00:00.000043918+00:00,89.837,24.513,0.602601178,2.61E-08
GRB 790214,HEASARC:GRBCAT,GRB,1970-01-01 00:00:00.000043918+00:00,,,1.672020444,2.61E-08
GRB 790215,HEASARC:GRBCAT,GRB,1970-01-01 00:00:00.000043919+00:00,,,1.547380438,1.80E-07
GRB 790224,HEASARC:GRBCAT,GRB,1970-01-01 00:00:00.000043928+00:00,,,0.979109148,8.12E-09
GRB 790305B,HEASARC:GRBCAT,GRB,1970-01-01 00:00:00.000043937+00:00,,,1.15327931,4.26E-05
GRB 790305A,HEASARC:GRBCAT,GRB,1970-01-01 00:00:00.000043937+00:00,,,1.693005677,
GRB 790305B,HEASARC:GRBCAT,GRB,1970-01-01 00:00:00.000043937+00:00,,,0.742294802,4.26E-05
GRB 790305B,HEASARC:GRBCAT,GRB,1970-01-01 00:00:00.000043937+00:00,81.51,-66.08,1.025932607,4.26E-05
GRB 790305B,HEASARC:GRBCAT,GRB,1970-01-01 00:00:00.000043937+00:00,81.51,-66.08,1.145247339,4.26E-05
GRB 790305B,HEASARC:GRBCAT,GRB,1970-01-01 00:00:00.000043937+00:00,,,0.747940902,4.26E-05
GRB 790305A,HEASARC:GRBCAT,GRB,1970-01-01 00:00:00.000043937+00:00,35.43,-4.97,0.737646352,
GRB 790305B,HEASARC:GRBCAT,GRB,1970-01-01 00:00:00.000043937+00:00,,,1.83146123,4.26E-05
GRB 790305B,HEASARC:GRBCAT,GRB,1970-01-01 00:00:00.000043937+00:00,,,1.406599442,4.26E-05
GRB 790305A,HEASARC:GRBCAT,GRB,1970-01-01 00:00:00.000043937+00:00,7.248,12.876,1.162185517,
GRB 790306,HEASARC:GRBCAT,GRB,1970-01-01 00:00:00.000043938+00:00,,,1.155431866,3.54E-08
GRB 790307,HEASARC:GRBCAT,GRB,1970-01-01 00:00:00.000043939+00:00,,,1.768715341,1.04E-06
GRB 790307,HEASARC:GRBCAT,GRB,1970-01-01 00:00:00.000043939+00:00,,,1.830234066,1.04E-06
GRB 790307,HEASARC:GRBCAT,GRB,1970-01-01 00:00:00.000043939+00:00,,,1.818115382,1.04E-06
GRB 790307,HEASARC:GRBCAT,GRB,1970-01-01 00:00:00.000043939+00:00,,,0.683366713,1.04E-06
GRB 790307,HEASARC:GRBCAT,GRB,1970-01-01 00:00:00.000043939+00:00,210.59,-47.04,1.905820296,1.04E-06
GRB 790307,HEASARC:GRBCAT,GRB,1970-01-01 00:00:00.000043939+00:00,210.69,-46.99,1.628463007,1.04E-06
GRB 790313,HEASARC:GRBCAT,GRB,1970-01-01 00:00:00.000043945+00:00,,,0.683892094,3.43E-07
GRB 790313,HEASARC:GRBCAT,GRB,1970-01-01 00:00:00.000043945+00:00,94.05,-46.12,1.65720306,3.43E-07
GRB 790313,HEASARC:GRBCAT,GRB,1970-01-01 00:00:00.000043945+00:00,94.35,-46.02,1.740299882,3.43E-07
GRB 790313,HEASARC:GRBCAT,GRB,1970-01-01 00:00:00.000043945+00:00,,,0.853162479,3.43E-07
GRB 790313,HEASARC:GRBCAT,GRB,1970-01-01 00:00:00.000043945+00:00,,,0.901770334,3.43E-07
GRB 790313,HEASARC:GRBCAT,GRB,1970-01-01 00:00:00.000043945+00:00,,,1.645355665,3.43E-07
GRB 790314,HEASARC:GRBCAT,GRB,1970-01-01 00:00:00.000043946+00:00,,,1.999860629,1.30E-08
GRB 790318,HEASARC:GRBCAT,GRB,1970-01-01 00:00:00.000043950+00:00,,,1.34728281,6.49E-09
GRB 790323,HEASARC:GRBCAT,GRB,1970-01-01 00:00:00.000043955+00:00,,,0.984939285,1.85E-07
GRB 790324,HEASARC:GRBCAT,GRB,1970-01-01 00:00:00.000043956+00:00,,,0.863516558,5.40E-09
GRB 790325A,HEASARC:GRBCAT,GRB,1970-01-01 00:00:00.000043957+00:00,,,0.714159221,8.12E-09
GRB 790325B,HEASARC:GRBCAT,GRB,1970-01-01 00:00:00.000043957+00:00,,,1.910232819,2.62E-07
GRB 790325B,HEASARC:GRBCAT,GRB,1970-01-01 00:00:00.000043957+00:00,272.97,31.41,1.034309862,2.62E-07
GRB 790325B,HEASARC:GRBCAT,GRB,1970-01-01 00:00:00.000043957+00:00,,,0.8862494,2.62E-07
GRB 790325B,HEASARC:GRBCAT,GRB,1970-01-01 00:00:00.000043957+00:00,335.53,-83.05,0.580861953,2.62E-07
GRB 790325B,HEASARC:GRBCAT,GRB,1970-01-01 00:00:00.000043957+00:00,,,1.824746031,2.62E-07
GRB 790327A,HEASARC:GRBCAT,GRB,1970-01-01 00:00:00.000043959+00:00,,,1.087077036,1.85E-09
GRB 790327B,HEASARC:GRBCAT,GRB,1970-01-01 00:00:00.000043959+00:00,208.74,-35.74,0.992119311,5.45E-08
GRB 790327B,HEASARC:GRBCAT,GRB,1970-01-01 00:00:00.000043959+00:00,,,1.456847231,5.45E-08
GRB 790329,HEASARC:GRBCAT,GRB,1970-01-01 00:00:00.000043961+00:00,,,0.866804887,3.54E-07
GRB 790329,HEASARC:GRBCAT,GRB,1970-01-01 00:00:00.000043961+00:00,,,0.66224167,3.54E-07
GRB 790329,HEASARC:GRBCAT,GRB,1970-01-01 00:00:00.000043961+00:00,157.75,45.64,1.672459415,3.54E-07
GRB 790329,HEASARC:GRBCAT,GRB,1970-01-01 00:00:00.000043961+00:00,154.565,11.349,1.533210839,3.54E-07
GRB 790331,HEASARC:GRBCAT,GRB,1970-01-01 00:00:00.000043963+00:00,,,0.922931857,4.31E-07
GRB 790331,HEASARC:GRBCAT,GRB,1970-01-01 00:00:00.000043963+00:00,,,1.591524739,4.31E-07
GRB 790331,HEASARC:GRBCAT,GRB,1970-01-01 00:00:00.000043963+00:00,,,1.762188781,4.31E-07
GRB 790331,HEASARC:GRBCAT,GRB,1970-01-01 00:00:00.000043963+00:00,,,1.495755653,4.31E-07
GRB 790331,HEASARC:GRBCAT,GRB,1970-01-01 00:00:00.000043963+00:00,292.02,3.7,1.485389089,4.31E-07
GRB 790331,HEASARC:GRBCAT,GRB,1970-01-01 00:00:00.000043963+00:00,291.62,5.1,1.537009758,4.31E-07
GRB 790402B,HEASARC:GRBCAT,GRB,1970-01-01 00:00:00.000043965+00:00,,,0.714871676,2.02E-07
GRB 790402A,HEASARC:GRBCAT,GRB,1970-01-01 00:00:00.000043965+00:00,,,0.627824681,1.25E-08
GRB 790402B,HEASARC:GRBCAT,GRB,1970-01-01 00:00:00.000043965+00:00,,,0.587599981,2.02E-07
GRB 790402B,HEASARC:GRBCAT,GRB,1970-01-01 00:00:00.000043965+00:00,122.96,-50.55,1.255967838,2.02E-07
GRB 790402B,HEASARC:GRBCAT,GRB,1970-01-01 00:00:00.000043965+00:00,,,0.753664165,2.02E-07
GRB 790404,HEASARC:GRBCAT,GRB,1970-01-01 00:00:00.000043967+00:00,,,0.652114275,4.14E-09
GRB 790405,HEASARC:GRBCAT,GRB,1970-01-01 00:00:00.000043968+00:00,,,1.691791498,1.58E-09
GRB 790406,HEASARC:GRBCAT,GRB,1970-01-01 00:00:00.000043969+00:00,,,1.411884974,1.31E-07
GRB 790406,HEASARC:GRBCAT,GRB,1970-01-01 00:00:00.000043969+00:00,348.51,-49.66,1.550795943,1.31E-07
GRB 790406,HEASARC:GRBCAT,GRB,1970-01-01 00:00:00.000043969+00:00,,,1.581563356,1.31E-07
GRB 790406,HEASARC:GRBCAT,GRB,1970-01-01 00:00:00.000043969+00:00,,,1.541630671,1.31E-07
GRB 790406,HEASARC:GRBCAT,GRB,1970-01-01 00:00:00.000043969+00:00,,,1.542980595,1.31E-07
GRB 790406,HEASARC:GRBCAT,GRB,1970-01-01 00:00:00.000043969+00:00,348.51,-49.66,1.429097966,1.31E-07
GRB 790406,HEASARC:GRBCAT,GRB,1970-01-01 00:00:00.000043969+00:00,,,1.767635621,1.31E-07
GRB 790412B,HEASARC:GRBCAT,GRB,1970-01-01 00:00:00.000043975+00:00,,,1.913102272,1.20E-07
GRB 790412B,HEASARC:GRBCAT,GRB,1970-01-01 00:00:00.000043975+00:00,,,1.609195619,1.20E-07
GRB 790412A,HEASARC:GRBCAT,GRB,1970-01-01 00:00:00.000043975+00:00,,,1.725150204,3.27E-08
GRB 790412B,HEASARC:GRBCAT,GRB,1970-01-01 00:00:00.000043975+00:00,93.81,-5.22,1.078406357,1.20E-07
GRB 790412B,HEASARC:GRBCAT,GRB,1970-01-01 00:00:00.000043975+00:00,,,0.690482462,1.20E-07
GRB 790415,HEASARC:GRBCAT,GRB,1970-01-01 00:00:00.000043978+00:00,,,0.559631135,8.67E-09
GRB 790418,HEASARC:GRBCAT,GRB,1970-01-01 00:00:00.000043981+00:00,,,1.447696052,3.54E-07
GRB 790418,HEASARC:GRBCAT,GRB,1970-01-01 00:00:00.000043981+00:00,,,1.632481654,3.54E-07
GRB 790418,HEASARC:GRBCAT,GRB,1970-01-01 00:00:00.000043981+00:00,,,0.627175974,3.54E-07
GRB 790418,HEASARC:GRBCAT,GRB,1970-01-01 00:00:00.000043981+00:00,,,1.975144586,3.54E-07
GRB 790418,HEASARC:GRBCAT,GRB,1970-01-01 00:00:00.000043981+00:00,88.61,-6.99,0.749088063,3.54E-07
GRB 790418,HEASARC:GRBCAT,GRB,1970-01-01 00:00:00.000043981+00:00,88.61,-6.99,1.834431787,3.54E-07
GRB 790418,HEASARC:GRBCAT,GRB,1970-01-01 00:00:00.000043981+00:00,,,1.791164644,3.54E-07
GRB 790419B,HEASARC:GRBCAT,GRB,1970-01-01 00:00:00.000043982+00:00,,,1.140677574,2.24E-06
GRB 790419A,HEASARC:GRBCAT,GRB,1970-01-01 00:00:00.000043982+00:00,356.941,-2.922,1.901343928,
GRB 790419B,HEASARC:GRBCAT,GRB,1970-01-01 00:00:00.000043982+00:00,,,1.542829618,2.24E-06
GRB 790419B,HEASARC:GRBCAT,GRB,1970-01-01 00:00:00.000043982+00:00,335.45,-41.75,0.998244319,2.24E-06
GRB 790419B,HEASARC:GRBCAT,GRB,1970-01-01 00:00:00.000043982+00:00,,,0.527631124,2.24E-06
GRB 790424A,HEASARC:GRBCAT,GRB,1970-01-01 00:00:00.000043987+00:00,,,1.573953272,3.76E-09
GRB 790424B,HEASARC:GRBCAT,GRB,1970-01-01 00:00:00.000043987+00:00,,,1.814398823,2.13E-09
GRB 790430B,HEASARC:GRBCAT,GRB,1970-01-01 00:00:00.000043993+00:00,355.15,-15.72,1.803344841,
GRB 790430A,HEASARC:GRBCAT,GRB,1970-01-01 00:00:00.000043993+00:00,,,1.891163267,2.07E-08
GRB 790502,HEASARC:GRBCAT,GRB,1970-01-01 00:00:00.000043995+00:00,177.65,19.72,1.846040957,1.25E-07
GRB 790502,HEASARC:GRBCAT,GRB,1970-01-01 00:00:00.000043995+00:00,,,1.088694133,1.25E-07
GRB 790502,HEASARC:GRBCAT,GRB,1970-01-01 00:00:00.000043995+00:00,,,1.554150991,1.25E-07
GRB 790502,HEASARC:GRBCAT,GRB,1970-01-01 00:00:00.000043995+00:00,,,1.229583293,1.25E-07
GRB 790504B,HEASARC:GRBCAT,GRB,1970-01-01 00:00:00.000043997+00:00,348.4,32.17,0.983456875,
GRB 790504A,HEASARC:GRBCAT,GRB,1970-01-01 00:00:00.000043997+00:00,,,0.521134704,3.10E-08
GRB 790509,HEASARC:GRBCAT,GRB,1970-01-01 00:00:00.000044002+00:00,,,1.74347421,1.04E-07
GRB 790509,HEASARC:GRBCAT,GRB,1970-01-01 00:00:00.000044002+00:00,,,0.56952889,1.04E-07
GRB 790509,HEASARC:GRBCAT,GRB,1970-01-01 00:00:00.000044002+00:00,236.497,-20.615,0.965640476,1.04E-07
GRB 790509,HEASARC:GRBCAT,GRB,1970-01-01 00:00:00.000044002+00:00,236.527,-20.655,1.994587547,1.04E-07
GRB 790514,HEASARC:GRBCAT,GRB,1970-01-01 00:00:00.000044007+00:00,,,1.210222302,3.54E-08
GRB 790514,HEASARC:GRBCAT,GRB,1970-01-01 00:00:00.000044007+00:00,,,0.873432979,3.54E-08
GRB 790514,HEASARC:GRBCAT,GRB,1970-01-01 00:00:00.000044007+00:00,,,1.92657542,3.54E-08
GRB 790514,HEASARC:GRBCAT,GRB,1970-01-01 00:00:00.000044007+00:00,38.65,60.92,0.607829471,3.54E-08
GRB 790515,HEASARC:GRBCAT,GRB,1970-01-01 00:00:00.000044008+00:00,,,0.66059699,9.21E-09
GRB 790519,HEASARC:GRBCAT,GRB,1970-01-01 00:00:00.000044012+00:00,,,1.780819224,1.96E-08
GRB 790521,HEASARC:GRBCAT,GRB,1970-01-01 00:00:00.000044014+00:00,,,0.676842125,
GRB 790524A,HEASARC:GRBCAT,GRB,1970-01-01 00:00:00.000044017+00:00,175.64,5.72,1.890118258,
GRB 790524B,HEASARC:GRBCAT,GRB,1970-01-01 00:00:00.000044017+00:00,,,0.89919461,8.17E-08
GRB 790526,HEASARC:GRBCAT,GRB,1970-01-01 00:00:00.000044019+00:00,,,1.693839012,4.03E-08
GRB 790529,HEASARC:GRBCAT,GRB,1970-01-01 00:00:00.000044022+00:00,,,1.191894405,1.68E-08
GRB 790604,HEASARC:GRBCAT,GRB,1970-01-01 00:00:00.000044028+00:00,,,1.185785257,8.72E-08
GRB 790605,HEASARC:GRBCAT,GRB,1970-01-01 00:00:00.000044029+00:00,,,1.173371408,2.94E-08
GRB 790610,HEASARC:GRBCAT,GRB,1970-01-01 00:00:00.000044034+00:00,,,1.427155294,3.32E-08
GRB 790610,HEASARC:GRBCAT,GRB,1970-01-01 00:00:00.000044034+00:00,189.041,-0.775,0.922548628,3.32E-08
GRB 790612B,HEASARC:GRBCAT,GRB,1970-01-01 00:00:00.000044036+00:00,58.33,-3.75,1.291765135,
GRB 790612A,HEASARC:GRBCAT,GRB,1970-01-01 00:00:00.000044036+00:00,,,1.121079798,1.63E-08
GRB 790613,HEASARC:GRBCAT,GRB,1970-01-01 00:00:00.000044037+00:00,212.87,78.77,1.356800758,1.74E-07
GRB 790613,HEASARC:GRBCAT,GRB,1970-01-01 00:00:00.000044037+00:00,,,0.969707116,1.74E-07
GRB 790613,HEASARC:GRBCAT,GRB,1970-01-01 00:00:00.000044037+00:00,,,0.854514713,1.74E-07
GRB 790613,HEASARC:GRBCAT,GRB,1970-01-01 00:00:00.000044037+00:00,,,1.21698663,1.74E-07
GRB 790613,HEASARC:GRBCAT,GRB,1970-01-01 00:00:00.000044037+00:00,,,1.905830838,1.74E-07
GRB 790613,HEASARC:GRBCAT,GRB,1970-01-01 00:00:00.000044037+00:00,212.97,78.67,1.336545728,1.74E-07
GRB 790619,HEASARC:GRBCAT,GRB,1970-01-01 00:00:00.000044043+00:00,,,1.496918074,1.04E-09
GRB 790622,HEASARC:GRBCAT,GRB,1970-01-01 00:00:00.000044046+00:00,,,1.845315798,3.93E-07
GRB 790622,HEASARC:GRBCAT,GRB,1970-01-01 00:00:00.000044046+00:00,326.38,-41.17,1.881213366,3.93E-07
GRB 790622,HEASARC:GRBCAT,GRB,1970-01-01 00:00:00.000044046+00:00,,,1.320787502,3.93E-07
GRB 790622,HEASARC:GRBCAT,GRB,1970-01-01 00:00:00.000044046+00:00,,,0.739216422,3.93E-07
GRB 790626,HEASARC:GRBCAT,GRB,1970-01-01 00:00:00.000044050+00:00,257.202,-22.363,0.528269061,1.04E-07
GRB 790626,HEASARC:GRBCAT,GRB,1970-01-01 00:00:00.000044050+00:00,,,0.993318507,1.04E-07
GRB 790628C,HEASARC:GRBCAT,GRB,1970-01-01 00:00:00.000044052+00:00,,,0.535098332,2.67E-09
GRB 790628B,HEASARC:GRBCAT,GRB,1970-01-01 00:00:00.000044052+00:00,,,1.364305479,6.54E-08
GRB 790628B,HEASARC:GRBCAT,GRB,1970-01-01 00:00:00.000044052+00:00,,,1.419999413,6.54E-08
GRB 790628B,HEASARC:GRBCAT,GRB,1970-01-01 00:00:00.000044052+00:00,110.947,22.202,1.496130027,6.54E-08
GRB 790628A,HEASARC:GRBCAT,GRB,1970-01-01 00:00:00.000044052+00:00,,,1.988316611,1.31E-07
GRB 790705,HEASARC:GRBCAT,GRB,1970-01-01 00:00:00.000044059+00:00,,,1.546241206,8.12E-09
GRB 790706,HEASARC:GRBCAT,GRB,1970-01-01 00:00:00.000044060+00:00,,,1.346675158,3.22E-09
GRB 790709,HEASARC:GRBCAT,GRB,1970-01-01 00:00:00.000044063+00:00,,,1.093473418,2.51E-09
GRB 790712,HEASARC:GRBCAT,GRB,1970-01-01 00:00:00.000044066+00:00,,,1.630321964,5.40E-09
GRB 790720,HEASARC:GRBCAT,GRB,1970-01-01 00:00:00.000044074+00:00,,,1.541056956,2.50E-08
GRB 790728,HEASARC:GRBCAT,GRB,1970-01-01 00:00:00.000044082+00:00,,,0.901214314,7.58E-09
GRB 790731,HEASARC:GRBCAT,GRB,1970-01-01 00:00:00.000044085+00:00,,,1.315516689,4.42E-07
GRB 790731,HEASARC:GRBCAT,GRB,1970-01-01 00:00:00.000044085+00:00,,,1.961161716,4.42E-07
GRB 790731,HEASARC:GRBCAT,GRB,1970-01-01 00:00:00.000044085+00:00,,,0.695846567,4.42E-07
GRB 790731,HEASARC:GRBCAT,GRB,1970-01-01 00:00:00.000044085+00:00,102.05,22.44,0.881818719,4.42E-07
GRB 790810,HEASARC:GRBCAT,GRB,1970-01-01 00:00:00.000044095+00:00,,,1.272785633,3.76E-09
GRB 790818,HEASARC:GRBCAT,GRB,1970-01-01 00:00:00.000044103+00:00,,,1.172497916,1.58E-09
GRB 790826,HEASARC:GRBCAT,GRB,1970-01-01 00:00:00.000044111+00:00,,,1.203615727,5.45E-08
GRB 790829,HEASARC:GRBCAT,GRB,1970-01-01 00:00:00.000044114+00:00,,,0.909381466,1.74E-08
GRB 790910,HEASARC:GRBCAT,GRB,1970-01-01 00:00:00.000044126+00:00,,,1.270278717,2.12E-08
GRB 790913,HEASARC:GRBCAT,GRB,1970-01-01 00:00:00.000044129+00:00,,,1.769501985,5.45E-08
GRB 790924,HEASARC:GRBCAT,GRB,1970-01-01 00:00:00.000044140+00:00,,,1.410964649,2.72E-08
GRB 790925,HEASARC:GRBCAT,GRB,1970-01-01 00:00:00.000044141+00:00,,,1.393114935,3.05E-08
GRB 790929,HEASARC:GRBCAT,GRB,1970-01-01 00:00:00.000044145+00:00,88.3,30.01,1.231793874,
GRB 790930,HEASARC:GRBCAT,GRB,1970-01-01 00:00:00.000044146+00:00,,,0.982386436,9.26E-08
GRB 791003A,HEASARC:GRBCAT,GRB,1970-01-01 00:00:00.000044149+00:00,,,1.937004621,4.36E-08
GRB 791003B,HEASARC:GRBCAT,GRB,1970-01-01 00:00:00.000044149+00:00,148.581,15.163,0.683528173,
GRB 791006,HEASARC:GRBCAT,GRB,1970-01-01 00:00:00.000044152+00:00,,,1.997267373,3.97E-08
GRB 791006,HEASARC:GRBCAT,GRB,1970-01-01 00:00:00.000044152+00:00,91.99,19.49,1.728409051,3.97E-08
GRB 791007,HEASARC:GRBCAT,GRB,1970-01-01 00:00:00.000044153+00:00,,,1.128686682,1.63E-08
GRB 791013,HEASARC:GRBCAT,GRB,1970-01-01 00:00:00.000044159+00:00,,,1.558506263,
GRB 791014A,HEASARC:GRBCAT,GRB,1970-01-01 00:00:00.000044160+00:00,,,0.877614341,7.63E-08
GRB 791014B,HEASARC:GRBCAT,GRB,1970-01-01 00:00:00.000044160+00:00,,,0.955627542,
GRB 791014A,HEASARC:GRBCAT,GRB,1970-01-01 00:00:00.000044160+00:00,96.75,-34.63,1.723247618,7.63E-08
GRB 791014A,HEASARC:GRBCAT,GRB,1970-01-01 00:00:00.000044160+00:00,,,0.952747436,7.63E-08
GRB 791016,HEASARC:GRBCAT,GRB,1970-01-01 00:00:00.000044162+00:00,,,0.704098539,4.31E-09
GRB 791018,HEASARC:GRBCAT,GRB,1970-01-01 00:00:00.000044164+00:00,221.09,-32.2,1.799385962,
GRB 791018,HEASARC:GRBCAT,GRB,1970-01-01 00:00:00.000044164+00:00,,,0.92887273,
GRB 791018,HEASARC:GRBCAT,GRB,1970-01-01 00:00:00.000044164+00:00,,,0.8106855,
GRB 791021,HEASARC:GRBCAT,GRB,1970-01-01 00:00:00.000044167+00:00,,,1.295165204,2.13E-09
GRB 791023,HEASARC:GRBCAT,GRB,1970-01-01 00:00:00.000044169+00:00,,,1.827537211,4.85E-09
GRB 791028,HEASARC:GRBCAT,GRB,1970-01-01 00:00:00.000044174+00:00,,,1.618691316,
GRB 791030B,HEASARC:GRBCAT,GRB,1970-01-01 00:00:00.000044176+00:00,,,0.969263398,1.79E-08
GRB 791030A,HEASARC:GRBCAT,GRB,1970-01-01 00:00:00.000044176+00:00,,,0.843628199,4.36E-08
GRB 791030B,HEASARC:GRBCAT,GRB,1970-01-01 00:00:00.000044176+00:00,93.77,24.98,1.77687462,1.79E-08
GRB 791031A,HEASARC:GRBCAT,GRB,1970-01-01 00:00:00.000044177+00:00,,,0.569066998,5.45E-08
GRB 791031A,HEASARC:GRBCAT,GRB,1970-01-01 00:00:00.000044177+00:00,257.55,-82.37,1.723384648,5.45E-08
GRB 791031A,HEASARC:GRBCAT,GRB,1970-01-01 00:00:00.000044177+00:00,,,1.449318467,5.45E-08
GRB 791031B,HEASARC:GRBCAT,GRB,1970-01-01 00:00:00.000044177+00:00,,,0.832742544,8.12E-09
GRB 791101B,HEASARC:GRBCAT,GRB,1970-01-01 00:00:00.000044178+00:00,295.04,38.22,1.058931807,1.80E-07
GRB 791101B,HEASARC:GRBCAT,GRB,1970-01-01 00:00:00.000044178+00:00,,,1.705714138,1.80E-07
GRB 791101B,HEASARC:GRBCAT,GRB,1970-01-01 00:00:00.000044178+00:00,,,0.578987876,1.80E-07
GRB 791101A,HEASARC:GRBCAT,GRB,1970-01-01 00:00:00.000044178+00:00,,,0.977833315,1.31E-06
GRB 791101B,HEASARC:GRBCAT,GRB,1970-01-01 00:00:00.000044178+00:00,,,1.583454322,1.80E-07
GRB 791105C,HEASARC:GRBCAT,GRB,1970-01-01 00:00:00.000044182+00:00,343.55,-2.26,1.729560199,9.26E-08
GRB 791105B,HEASARC:GRBCAT,GRB,1970-01-01 00:00:00.000044182+00:00,251.72,24.21,0.784646171,
GRB 791105A,HEASARC:GRBCAT,GRB,1970-01-01 00:00:00.000044182+00:00,,,1.955955822,1.90E-08
GRB 791105C,HEASARC:GRBCAT,GRB,1970-01-01 00:00:00.000044182+00:00,,,0.868115739,9.26E-08
GRB 791105D,HEASARC:GRBCAT,GRB,1970-01-01 00:00:00.000044182+00:00,,,1.926299644,7.03E-09
GRB 791106A,HEASARC:GRBCAT,GRB,1970-01-01 00:00:00.000044183+00:00,,,0.606321323,
GRB 791106B,HEASARC:GRBCAT,GRB,1970-01-01 00:00:00.000044183+00:00,,,1.517881807,
GRB 791109B,HEASARC:GRBCAT,GRB,1970-01-01 00:00:00.000044186+00:00,132.5,-35.19,1.127689938,1.04E-07
GRB 791109B,HEASARC:GRBCAT,GRB,1970-01-01 00:00:00.000044186+00:00,,,1.190684043,1.04E-07
GRB 791109A,HEASARC:GRBCAT,GRB,1970-01-01 00:00:00.000044186+00:00,,,1.178916676,
GRB 791109B,HEASARC:GRBCAT,GRB,1970-01-01 00:00:00.000044186+00:00,,,1.907617745,1.04E-07
GRB 791111,HEASARC:GRBCAT,GRB,1970-01-01 00:00:00.000044188+00:00,,,1.028878299,9.26E-08
GRB 791111,HEASARC:GRBCAT,GRB,1970-01-01 00:00:00.000044188+00:00,214.65,-33.93,0.962996495,9.26E-08
GRB 791111,HEASARC:GRBCAT,GRB,1970-01-01 00:00:00.000044188+00:00,,,1.636783508,9.26E-08
GRB 791113,HEASARC:GRBCAT,GRB,1970-01-01 00:00:00.000044190+00:00,,,0.987034012,4.90E-08
GRB 791115,HEASARC:GRBCAT,GRB,1970-01-01 00:00:00.000044192+00:00,211.58,24.06,0.743880989,2.94E-07
GRB 791115,HEASARC:GRBCAT,GRB,1970-01-01 00:00:00.000044192+00:00,,,1.175277742,2.94E-07
GRB 791115,HEASARC:GRBCAT,GRB,1970-01-01 00:00:00.000044192+00:00,,,0.529267481,2.94E-07
GRB 791115,HEASARC:GRBCAT,GRB,1970-01-01 00:00:00.000044192+00:00,,,1.810361881,2.94E-07
GRB 791116,HEASARC:GRBCAT,GRB,1970-01-01 00:00:00.000044193+00:00,,,1.639089634,3.76E-07
GRB 791116,HEASARC:GRBCAT,GRB,1970-01-01 00:00:00.000044193+00:00,,,1.025538639,3.76E-07
GRB 791116,HEASARC:GRBCAT,GRB,1970-01-01 00:00:00.000044193+00:00,3.2,-15.69,1.618895496,3.76E-07
GRB 791119,HEASARC:GRBCAT,GRB,1970-01-01 00:00:00.000044196+00:00,316.694,-18.089,0.954043135,8.17E-08
GRB 791119,HEASARC:GRBCAT,GRB,1970-01-01 00:00:00.000044196+00:00,,,1.534023807,8.17E-08
GRB 791119,HEASARC:GRBCAT,GRB,1970-01-01 00:00:00.000044196+00:00,,,1.121937757,8.17E-08
GRB 791124,HEASARC:GRBCAT,GRB,1970-01-01 00:00:00.000044201+00:00,,,1.392463503,7.63E-08
GRB 791124,HEASARC:GRBCAT,GRB,1970-01-01 00:00:00.000044201+00:00,3.14,0.28,0.870118716,7.63E-08
GRB 791206,HEASARC:GRBCAT,GRB,1970-01-01 00:00:00.000044213+00:00,,,0.946375966,1.09E-07
GRB 791206,HEASARC:GRBCAT,GRB,1970-01-01 00:00:00.000044213+00:00,101.725,24.475,1.780169561,1.09E-07
GRB 791209,HEASARC:GRBCAT,GRB,1970-01-01 00:00:00.000044216+00:00,,,0.875427526,1.80E-07
GRB 791209,HEASARC:GRBCAT,GRB,1970-01-01 00:00:00.000044216+00:00,254.33,-35.08,0.618481489,1.80E-07
GRB 791215B,HEASARC:GRBCAT,GRB,1970-01-01 00:00:00.000044222+00:00,,,0.563652474,5.45E-08
GRB 791215A,HEASARC:GRBCAT,GRB,1970-01-01 00:00:00.000044222+00:00,52.42,51.67,0.997506514,
GRB 791218,HEASARC:GRBCAT,GRB,1970-01-01 00:00:00.000044225+00:00,,,1.365985571,2.51E-09
GRB 791220,HEASARC:GRBCAT,GRB,1970-01-01 00:00:00.000044227+00:00,,,1.882090612,5.45E-07
GRB 791220,HEASARC:GRBCAT,GRB,1970-01-01 00:00:00.000044227+00:00,,,0.563883061,5.45E-07
GRB 791220,HEASARC:GRBCAT,GRB,1970-01-01 00:00:00.000044227+00:00,74.77,-60.84,0.707042651,5.45E-07
GRB 791222A,HEASARC:GRBCAT,GRB,1970-01-01 00:00:00.000044229+00:00,7.65,10.43,0.681193254,
GRB 791222B,HEASARC:GRBCAT,GRB,1970-01-01 00:00:00.000044229+00:00,,,0.806766605,5.94E-09
GRB 791226,HEASARC:GRBCAT,GRB,1970-01-01 00:00:00.000044233+00:00,,,0.537622843,3.76E-09
GRB 791226,HEASARC:GRBCAT,GRB,1970-01-01 00:00:00.000044233+00:00,,,1.484836413,3.76E-09
GRB 791226,HEASARC:GRBCAT,GRB,1970-01-01 00:00:00.000044233+00:00,,,1.258375242,3.76E-09
GRB 791226,HEASARC:GRBCAT,GRB,1970-01-01 00:00:00.000044233+00:00,266.159,-26.451,1.513992742,3.76E-09
GRB 791229,HEASARC:GRBCAT,GRB,1970-01-01 00:00:00.000044236+00:00,,,0.858139633,1.74E-08
GRB 791230,HEASARC:GRBCAT,GRB,1970-01-01 00:00:00.000044237+00:00,,,1.524710639,1.91E-06
GRB 800102,HEASARC:GRBCAT,GRB,1970-01-01 00:00:00.000044240+00:00,,,0.619708443,2.51E-09
GRB 800103,HEASARC:GRBCAT,GRB,1970-01-01 00:00:00.000044241+00:00,,,1.328929273,
GRB 800103,HEASARC:GRBCAT,GRB,1970-01-01 00:00:00.000044241+00:00,,,1.164394332,
GRB 800103,HEASARC:GRBCAT,GRB,1970-01-01 00:00:00.000044241+00:00,30.36,-34.19,1.582807511,
GRB 800105,HEASARC:GRBCAT,GRB,1970-01-01 00:00:00.000044243+00:00,,,0.967538326,2.02E-07
GRB 800105,HEASARC:GRBCAT,GRB,1970-01-01 00:00:00.000044243+00:00,,,1.849447588,2.02E-07
GRB 800105,HEASARC:GRBCAT,GRB,1970-01-01 00:00:00.000044243+00:00,,,0.682411072,2.02E-07
GRB 800105,HEASARC:GRBCAT,GRB,1970-01-01 00:00:00.000044243+00:00,,,1.406370207,2.02E-07
GRB 800105,HEASARC:GRBCAT,GRB,1970-01-01 00:00:00.000044243+00:00,13.75,7.87,0.609450018,2.02E-07
GRB 800112,HEASARC:GRBCAT,GRB,1970-01-01 00:00:00.000044250+00:00,,,1.675353059,1.30E-08
GRB 800115,HEASARC:GRBCAT,GRB,1970-01-01 00:00:00.000044253+00:00,,,0.778356618,
GRB 800116,HEASARC:GRBCAT,GRB,1970-01-01 00:00:00.000044254+00:00,180.64,0.22,0.514025601,1.14E-07
GRB 800116,HEASARC:GRBCAT,GRB,1970-01-01 00:00:00.000044254+00:00,,,1.971396865,1.14E-07
GRB 800126,HEASARC:GRBCAT,GRB,1970-01-01 00:00:00.000044264+00:00,,,1.904161347,3.22E-09
GRB 800213,HEASARC:GRBCAT,GRB,1970-01-01 00:00:00.000044282+00:00,105.07,-15.37,0.71936095,3.54E-07
GRB 800213,HEASARC:GRBCAT,GRB,1970-01-01 00:00:00.000044282+00:00,,,1.509797944,3.54E-07
GRB 800228,HEASARC:GRBCAT,GRB,1970-01-01 00:00:00.000044297+00:00,,,0.914000516,7.08E-08
GRB 800307,HEASARC:GRBCAT,GRB,1970-01-01 00:00:00.000044305+00:00,,,1.420023768,1.26E-07
GRB 800322,HEASARC:GRBCAT,GRB,1970-01-01 00:00:00.000044320+00:00,,,1.560022757,2.73E-07
GRB 800324,HEASARC:GRBCAT,GRB,1970-01-01 00:00:00.000044322+00:00,,,1.947451471,1.08E-07
GRB 800331,HEASARC:GRBCAT,GRB,1970-01-01 00:00:00.000044329+00:00,,,1.536879917,1.91E-07
GRB 800408,HEASARC:GRBCAT,GRB,1970-01-01 00:00:00.000044337+00:00,,,1.412636671,2.13E-07
GRB 800410,HEASARC:GRBCAT,GRB,1970-01-01 00:00:00.000044339+00:00,,,1.229046984,1.04E-07
GRB 800412A,HEASARC:GRBCAT,GRB,1970-01-01 00:00:00.000044341+00:00,,,1.38617587,9.81E-08
GRB 800412B,HEASARC:GRBCAT,GRB,1970-01-01 00:00:00.000044341+00:00,,,1.141321197,1.09E-07
GRB 800417,HEASARC:GRBCAT,GRB,1970-01-01 00:00:00.000044346+00:00,,,1.826175401,2.94E-07
GRB 800419,HEASARC:GRBCAT,GRB,1970-01-01 00:00:00.000044348+00:00,,,1.508449079,3.16E-07
GRB 800419,HEASARC:GRBCAT,GRB,1970-01-01 00:00:00.000044348+00:00,,,1.030135015,3.16E-07
GRB 800421,HEASARC:GRBCAT,GRB,1970-01-01 00:00:00.000044350+00:00,,,1.424832028,3.32E-08
GRB 800512,HEASARC:GRBCAT,GRB,1970-01-01 00:00:00.000044371+00:00,,,1.199854641,1.04E-07
GRB 800512,HEASARC:GRBCAT,GRB,1970-01-01 00:00:00.000044371+00:00,,,0.971866329,1.04E-07
GRB 800514,HEASARC:GRBCAT,GRB,1970-01-01 00:00:00.000044373+00:00,,,0.57687207,9.26E-08
GRB 800519,HEASARC:GRBCAT,GRB,1970-01-01 00:00:00.000044378+00:00,,,1.803418486,6.76E-08
GRB 800524,HEASARC:GRBCAT,GRB,1970-01-01 00:00:00.000044383+00:00,,,0.514781832,9.54E-08
GRB 800524,HEASARC:GRBCAT,GRB,1970-01-01 00:00:00.000044383+00:00,,,1.651469796,9.54E-08
GRB 800525,HEASARC:GRBCAT,GRB,1970-01-01 00:00:00.000044384+00:00,,,1.404950942,3.16E-07
GRB 800602,HEASARC:GRBCAT,GRB,1970-01-01 00:00:00.000044392+00:00,,,1.940393228,2.94E-07
GRB 800602,HEASARC:GRBCAT,GRB,1970-01-01 00:00:00.000044392+00:00,,,1.24593328,2.94E-07
GRB 800706,HEASARC:GRBCAT,GRB,1970-01-01 00:00:00.000044426+00:00,,,1.652298415,9.59E-08
GRB 800709B,HEASARC:GRBCAT,GRB,1970-01-01 00:00:00.000044429+00:00,,,1.404063495,1.14E-07
GRB 800709A,HEASARC:GRBCAT,GRB,1970-01-01 00:00:00.000044429+00:00,,,1.61452739,1.58E-07
GRB 800709A,HEASARC:GRBCAT,GRB,1970-01-01 00:00:00.000044429+00:00,,,1.147196756,1.58E-07
GRB 800727,HEASARC:GRBCAT,GRB,1970-01-01 00:00:00.000044447+00:00,,,0.565468735,1.09E-07
GRB 800806,HEASARC:GRBCAT,GRB,1970-01-01 00:00:00.000044457+00:00,,,1.976133088,3.82E-07
GRB 800812,HEASARC:GRBCAT,GRB,1970-01-01 00:00:00.000044463+00:00,,,1.851703545,2.88E-08
GRB 800815,HEASARC:GRBCAT,GRB,1970-01-01 00:00:00.000044466+00:00,,,1.448977989,1.43E-07
GRB 800919,HEASARC:GRBCAT,GRB,1970-01-01 00:00:00.000044501+00:00,,,0.830162815,6.59E-08
GRB 800920,HEASARC:GRBCAT,GRB,1970-01-01 00:00:00.000044502+00:00,,,1.27170756,3.05E-08
GRB 801016,HEASARC:GRBCAT,GRB,1970-01-01 00:00:00.000044528+00:00,,,1.199505397,3.27E-08
GRB 801017,HEASARC:GRBCAT,GRB,1970-01-01 00:00:00.000044529+00:00,,,1.390425607,1.20E-07
GRB 801026,HEASARC:GRBCAT,GRB,1970-01-01 00:00:00.000044538+00:00,,,1.145490293,3.27E-08
GRB 801119B,HEASARC:GRBCAT,GRB,1970-01-01 00:00:00.000044562+00:00,,,1.792477507,9.37E-08
GRB 801119A,HEASARC:GRBCAT,GRB,1970-01-01 00:00:00.000044562+00:00,,,1.54025978,9.81E-08
GRB 801205,HEASARC:GRBCAT,GRB,1970-01-01 00:00:00.000044578+00:00,,,0.677342672,5.02E-07
GRB 801210,HEASARC:GRBCAT,GRB,1970-01-01 00:00:00.000044583+00:00,,,1.606263167,2.40E-07
GRB 801220A,HEASARC:GRBCAT,GRB,1970-01-01 00:00:00.000044593+00:00,,,0.809929105,1.80E-07
GRB 801220B,HEASARC:GRBCAT,GRB,1970-01-01 00:00:00.000044593+00:00,,,1.909957829,8.13E-07
GRB 810101,HEASARC:GRBCAT,GRB,1970-01-01 00:00:00.000044605+00:00,,,1.587117936,1.04E-07
GRB 810107,HEASARC:GRBCAT,GRB,1970-01-01 00:00:00.000044611+00:00,,,0.574433441,2.94E-08
GRB 810113,HEASARC:GRBCAT,GRB,1970-01-01 00:00:00.000044617+00:00,,,1.82850666,1.20E-07
GRB 810127,HEASARC:GRBCAT,GRB,1970-01-01 00:00:00.000044631+00:00,,,0.854684002,2.34E-08
GRB 810129B,HEASARC:GRBCAT,GRB,1970-01-01 00:00:00.000044633+00:00,,,1.45932374,9.81E-08
GRB 810129A,HEASARC:GRBCAT,GRB,1970-01-01 00:00:00.000044633+00:00,,,1.740672592,7.57E-08
GRB 810214,HEASARC:GRBCAT,GRB,1970-01-01 00:00:00.000044649+00:00,,,1.951197171,1.96E-07
GRB 810225,HEASARC:GRBCAT,GRB,1970-01-01 00:00:00.000044660+00:00,,,1.896312659,1.09E-08
GRB 810228,HEASARC:GRBCAT,GRB,1970-01-01 00:00:00.000044663+00:00,,,1.607009463,1.53E-07
GRB 810228,HEASARC:GRBCAT,GRB,1970-01-01 00:00:00.000044663+00:00,,,1.909065893,1.53E-07
GRB 810301,HEASARC:GRBCAT,GRB,1970-01-01 00:00:00.000044664+00:00,,,1.055533208,8.28E-08
GRB 810304,HEASARC:GRBCAT,GRB,1970-01-01 00:00:00.000044667+00:00,,,1.848920337,2.07E-08
GRB 810408,HEASARC:GRBCAT,GRB,1970-01-01 00:00:00.000044702+00:00,,,1.944303666,2.61E-08
GRB 810424A,HEASARC:GRBCAT,GRB,1970-01-01 00:00:00.000044718+00:00,,,1.504057481,8.12E-08
GRB 810424B,HEASARC:GRBCAT,GRB,1970-01-01 00:00:00.000044718+00:00,,,1.807492812,2.45E-07
GRB 810511,HEASARC:GRBCAT,GRB,1970-01-01 00:00:00.000044735+00:00,,,1.937248018,1.96E-07
GRB 810605B,HEASARC:GRBCAT,GRB,1970-01-01 00:00:00.000044760+00:00,,,1.089114962,2.24E-07
GRB 810605A,HEASARC:GRBCAT,GRB,1970-01-01 00:00:00.000044760+00:00,,,0.81670514,3.16E-08
GRB 810611,HEASARC:GRBCAT,GRB,1970-01-01 00:00:00.000044766+00:00,,,1.251665076,9.26E-08
GRB 810709,HEASARC:GRBCAT,GRB,1970-01-01 00:00:00.000044794+00:00,,,0.925360429,1.53E-07
GRB 810721,HEASARC:GRBCAT,GRB,1970-01-01 00:00:00.000044806+00:00,,,1.124156231,1.20E-07
GRB 810721,HEASARC:GRBCAT,GRB,1970-01-01 00:00:00.000044806+00:00,,,0.982848482,1.20E-07
GRB 810721,HEASARC:GRBCAT,GRB,1970-01-01 00:00:00.000044806+00:00,,,1.173195958,1.20E-07
GRB 810801A,HEASARC:GRBCAT,GRB,1970-01-01 00:00:00.000044817+00:00,,,1.06602528,5.39E-08
GRB 810801B,HEASARC:GRBCAT,GRB,1970-01-01 00:00:00.000044817+00:00,,,0.580098712,1.47E-07
GRB 810805,HEASARC:GRBCAT,GRB,1970-01-01 00:00:00.000044821+00:00,,,1.018647952,9.81E-08
GRB 810805,HEASARC:GRBCAT,GRB,1970-01-01 00:00:00.000044821+00:00,,,1.752468982,9.81E-08
GRB 810814,HEASARC:GRBCAT,GRB,1970-01-01 00:00:00.000044830+00:00,,,0.977429663,2.19E-07
GRB 810829,HEASARC:GRBCAT,GRB,1970-01-01 00:00:00.000044845+00:00,,,1.106322384,1.04E-07
GRB 810902,HEASARC:GRBCAT,GRB,1970-01-01 00:00:00.000044849+00:00,,,0.627963936,2.29E-07
GRB 810905,HEASARC:GRBCAT,GRB,1970-01-01 00:00:00.000044852+00:00,,,0.506801218,7.63E-08
GRB 810906,HEASARC:GRBCAT,GRB,1970-01-01 00:00:00.000044853+00:00,,,1.947779278,1.14E-07
GRB 810906,HEASARC:GRBCAT,GRB,1970-01-01 00:00:00.000044853+00:00,,,0.830319012,1.14E-07
GRB 810909,HEASARC:GRBCAT,GRB,1970-01-01 00:00:00.000044856+00:00,,,0.699567574,2.50E-08
GRB 810926,HEASARC:GRBCAT,GRB,1970-01-01 00:00:00.000044873+00:00,,,1.369281508,3.00E-07
GRB 810930,HEASARC:GRBCAT,GRB,1970-01-01 00:00:00.000044877+00:00,,,1.891993403,2.24E-07
GRB 811006,HEASARC:GRBCAT,GRB,1970-01-01 00:00:00.000044883+00:00,,,1.299644189,2.99E-08
GRB 811016,HEASARC:GRBCAT,GRB,1970-01-01 00:00:00.000044893+00:00,,,0.631746948,1.91E-06
GRB 811016,HEASARC:GRBCAT,GRB,1970-01-01 00:00:00.000044893+00:00,,,1.90881786,1.91E-06
GRB 811023,HEASARC:GRBCAT,GRB,1970-01-01 00:00:00.000044900+00:00,,,1.074038555,3.81E-08
GRB 811102,HEASARC:GRBCAT,GRB,1970-01-01 00:00:00.000044910+00:00,,,1.359209192,3.38E-08
GRB 811201,HEASARC:GRBCAT,GRB,1970-01-01 00:00:00.000044939+00:00,,,1.053489735,
